{
  "val_mse": 0.7547747028502773,
  "mean_gap": 0.0006658080965280533,
  "params": {
    "hidden_dim": 64,
    "dropout": 0.30148506908116984,
    "lambda2": 2.071720854934064,
    "gamma": 1.8406116552991276,
    "lambda_dist": 1.7762584074117709,
    "lr": 0.005916845723292942,
    "weight_decay": 0.00018040954434688563
  }
}