{
  "val_mse": 0.7357339606218425,
  "mean_gap": 0.042534684762358665,
  "params": {
    "hidden_dim": 64,
    "dropout": 0.3476636844200692,
    "lambda2": 0.44223212464201866,
    "gamma": 0.24015017101851444,
    "lambda_dist": 0.1288443414902023,
    "lr": 0.004995913071507674,
    "weight_decay": 7.039054259818058e-06
  }
}