{
  "val_mse": 0.852435029437756,
  "mean_gap": 6.83213584125042e-05,
  "params": {
    "hidden_dim": 64,
    "dropout": 0.4434446994461045,
    "lambda2": 3.1645755450854787,
    "gamma": 3.580706085917111,
    "lambda_dist": 0.36278708505063506,
    "lr": 0.001930069481358991,
    "weight_decay": 3.089527658692232e-05
  }
}