{
  "val_mse": 0.7179898782296701,
  "mean_gap": 0.056602006778120995,
  "params": {
    "hidden_dim": 128,
    "dropout": 0.3923656625339845,
    "lambda2": 0.841835654845099,
    "gamma": 1.335185795130628,
    "lambda_dist": 1.2046919438200083,
    "lr": 0.0034744452126934154,
    "weight_decay": 6.702686332566737e-06
  }
}