{
  "val_mse": 0.8242893066230754,
  "mean_gap": 0.00011169165372848511,
  "params": {
    "hidden_dim": 64,
    "dropout": 0.5477816980393431,
    "lambda2": 1.6717167341693064,
    "gamma": 3.073832823258851,
    "lambda_dist": 0.4499110574816211,
    "lr": 0.003428527375311904,
    "weight_decay": 3.034564296782039e-05
  }
}