{
  "val_mse": 0.7570185137034081,
  "mean_gap": 0.0022512217983603477,
  "params": {
    "hidden_dim": 128,
    "dropout": 0.5113150009211336,
    "lambda2": 4.925947518052278,
    "gamma": 1.904528592878562,
    "lambda_dist": 4.898137163484581,
    "lr": 0.008888108600800219,
    "weight_decay": 4.071978899175112e-05
  }
}