{
  "val_mse": 0.7651679323521775,
  "mean_gap": 0.0005309060215950012,
  "params": {
    "hidden_dim": 64,
    "dropout": 0.30794322301295357,
    "lambda2": 3.854252194182779,
    "gamma": 4.762167458118099,
    "lambda_dist": 4.0309092415203525,
    "lr": 0.00689897187566318,
    "weight_decay": 0.00022852020983585368
  }
}