{
  "val_mse": 0.7284148576179963,
  "mean_gap": 0.001962372101843357,
  "params": {
    "hidden_dim": 128,
    "dropout": 0.387428729913744,
    "lambda2": 3.551799166125672,
    "gamma": 1.6258420932067787,
    "lambda_dist": 0.20780751997262548,
    "lr": 0.006080474947573545,
    "weight_decay": 1.5337209461923277e-06
  }
}