{
  "val_mse": 0.8132398376568747,
  "mean_gap": 0.006348617374897003,
  "params": {
    "hidden_dim": 128,
    "dropout": 0.49481563362665304,
    "lambda2": 1.589939533190224,
    "gamma": 3.2853547774282434,
    "lambda_dist": 0.6036083333367694,
    "lr": 0.0031387528019899574,
    "weight_decay": 7.71561235553131e-06
  }
}