{
  "val_mse": 0.7604919133255347,
  "mean_gap": 0.0008058310486376286,
  "params": {
    "hidden_dim": 128,
    "dropout": 0.3582335122855847,
    "lambda2": 3.8891040187981836,
    "gamma": 1.7255330311673993,
    "lambda_dist": 0.18360124824660018,
    "lr": 0.005065935699825696,
    "weight_decay": 0.0020396403431789533
  }
}