{
  "val_mse": 0.8505894925055536,
  "mean_gap": 0.0013863425701856613,
  "params": {
    "hidden_dim": 64,
    "dropout": 0.4406472044904156,
    "lambda2": 2.5669721269747257,
    "gamma": 1.7434319639643587,
    "lambda_dist": 0.6980517930196364,
    "lr": 0.0027309710776249113,
    "weight_decay": 5.137783922790511e-06
  }
}