{
  "val_mse": 0.8016536256366675,
  "mean_gap": 0.0003426838666200638,
  "params": {
    "hidden_dim": 32,
    "dropout": 0.26337571603907706,
    "lambda2": 2.4454869796533023,
    "gamma": 4.754965396258527,
    "lambda_dist": 3.5460258871023473,
    "lr": 0.004689571283366629,
    "weight_decay": 4.236528801338685e-05
  }
}