{
  "val_mse": 0.7974527574307116,
  "mean_gap": 0.0003932251129299402,
  "params": {
    "hidden_dim": 128,
    "dropout": 0.5859249659970216,
    "lambda2": 1.384423519799933,
    "gamma": 2.087190594963245,
    "lambda_dist": 4.176725213136529,
    "lr": 0.0021011489280566564,
    "weight_decay": 0.0002575897967593524
  }
}