{
  "val_mse": 0.8897227042340162,
  "mean_gap": 0.0003490746021270752,
  "params": {
    "hidden_dim": 32,
    "dropout": 0.21713128765960135,
    "lambda2": 4.80474434865896,
    "gamma": 2.680258641813375,
    "lambda_dist": 1.831484094213852,
    "lr": 0.009028099610501123,
    "weight_decay": 1.29990412583241e-05
  }
}