{
  "val_mse": 0.7048308177632319,
  "mean_gap": 0.005665764212608337,
  "params": {
    "hidden_dim": 128,
    "dropout": 0.29336569450722577,
    "lambda2": 1.9170056331658643,
    "gamma": 0.25851031656281237,
    "lambda_dist": 2.4547399242191505,
    "lr": 0.004894711030320307,
    "weight_decay": 4.884609829845764e-05
  }
}