{
  "val_mse": 0.7656026609513652,
  "mean_gap": 0.0021145306527614594,
  "params": {
    "hidden_dim": 128,
    "dropout": 0.20896524233705285,
    "lambda2": 3.795695771854003,
    "gamma": 3.71173565250955,
    "lambda_dist": 4.590158101613706,
    "lr": 0.00835261066361936,
    "weight_decay": 0.001554637983364132
  }
}