{
  "val_mse": 0.815649305525712,
  "mean_gap": 0.0003849533386528492,
  "params": {
    "hidden_dim": 32,
    "dropout": 0.2988880409587148,
    "lambda2": 4.868076213837989,
    "gamma": 0.4628008841086453,
    "lambda_dist": 1.0218341280869963,
    "lr": 0.009598364135677755,
    "weight_decay": 0.000601220514316033
  }
}