{
  "val_mse": 0.7087778405917079,
  "mean_gap": 0.004545610398054123,
  "params": {
    "hidden_dim": 64,
    "dropout": 0.2464136725750007,
    "lambda2": 1.9731848464214887,
    "gamma": 1.3356807889295266,
    "lambda_dist": 3.3196449702480764,
    "lr": 0.009791950855999938,
    "weight_decay": 1.3535744637534687e-06
  }
}