{
  "val_mse": 0.7544021082259171,
  "mean_gap": 0.001337643712759018,
  "params": {
    "hidden_dim": 128,
    "dropout": 0.39433482231985095,
    "lambda2": 1.820303532784214,
    "gamma": 3.9887273180465574,
    "lambda_dist": 2.938007921081838,
    "lr": 0.005647123311975403,
    "weight_decay": 2.236081987980921e-06
  }
}