{
  "val_mse": 0.7481275830702683,
  "mean_gap": 0.00209217332303524,
  "params": {
    "hidden_dim": 128,
    "dropout": 0.4579575966969932,
    "lambda2": 3.693926847468126,
    "gamma": 0.8746607393415391,
    "lambda_dist": 0.12219661088207832,
    "lr": 0.00619669126470221,
    "weight_decay": 0.0049191640379719626
  }
}