{
  "val_mse": 0.6769829828373901,
  "mean_gap": 0.007441575231496245,
  "params": {
    "hidden_dim": 128,
    "dropout": 0.3007539566279787,
    "lambda2": 1.0498570954209272,
    "gamma": 1.4984622982259648,
    "lambda_dist": 2.7424439762166277,
    "lr": 0.0077431864733042855,
    "weight_decay": 1.1991820415906957e-05
  }
}