{
  "val_mse": 0.8177817311988681,
  "mean_gap": 0.0008851934835547581,
  "params": {
    "hidden_dim": 128,
    "dropout": 0.5718262432481793,
    "lambda2": 0.41174190288723567,
    "gamma": 4.615337564815727,
    "lambda_dist": 0.49320168262828745,
    "lr": 0.0018208709517946486,
    "weight_decay": 0.00016654488392811213
  }
}