{
  "val_mse": 0.8105372162666586,
  "mean_gap": 6.887316703796387e-05,
  "params": {
    "hidden_dim": 128,
    "dropout": 0.3320970520901062,
    "lambda2": 4.832251144564142,
    "gamma": 1.809648770518295,
    "lambda_dist": 0.6515132082336522,
    "lr": 0.004914287348280965,
    "weight_decay": 1.64911650958011e-05
  }
}