{
  "val_mse": 0.2200660796808841,
  "mean_gap": 0.024697993882000446,
  "params": {
    "hidden_dim": 128,
    "dropout": 0.358913117567463,
    "lambda2": 1.2437237172452118,
    "gamma": 4.184509776615933,
    "lambda_dist": 1.4184416199500236,
    "lr": 0.004174256320591322,
    "weight_decay": 8.539068384020805e-06
  }
}