{
  "val_mse": 0.2876880448882289,
  "mean_gap": 0.003783881664276123,
  "params": {
    "hidden_dim": 64,
    "dropout": 0.2009389721213163,
    "lambda2": 2.1598658652740177,
    "gamma": 1.7501306732994744,
    "lambda_dist": 1.8115344408051808,
    "lr": 0.009937823675333,
    "weight_decay": 4.980919954048545e-06
  }
}