{
  "val_mse": 0.19518110655156645,
  "mean_gap": 0.07364919129759073,
  "params": {
    "hidden_dim": 128,
    "dropout": 0.32019294536523607,
    "lambda2": 4.006531450524924,
    "gamma": 2.312046418136059,
    "lambda_dist": 0.6686724291028127,
    "lr": 0.003132437407023195,
    "weight_decay": 3.5047780597078168e-06
  }
}