{
  "val_mse": 0.3649929647177548,
  "mean_gap": 0.00017260387539863586,
  "params": {
    "hidden_dim": 64,
    "dropout": 0.332604617299984,
    "lambda2": 0.5469011540323099,
    "gamma": 1.689877721398666,
    "lambda_dist": 0.3597127467659186,
    "lr": 0.0005894418331429131,
    "weight_decay": 2.7572855006065923e-05
  }
}