{
  "val_mse": 0.16213535503186302,
  "mean_gap": 0.03728038026019931,
  "params": {
    "hidden_dim": 128,
    "dropout": 0.2768729980080531,
    "lambda2": 0.8267754626416056,
    "gamma": 3.405403558931889,
    "lambda_dist": 4.1546885423551,
    "lr": 0.00419181784698491,
    "weight_decay": 7.046531570932336e-06
  }
}