{
  "val_mse": 0.17614431305241052,
  "mean_gap": 0.008326321840286255,
  "params": {
    "hidden_dim": 128,
    "dropout": 0.35338685366488376,
    "lambda2": 2.294427653325987,
    "gamma": 1.6065197659997361,
    "lambda_dist": 2.901080960504492,
    "lr": 0.009737059033427838,
    "weight_decay": 0.0008113677866063257
  }
}