{
  "val_mse": 0.23134901994996393,
  "mean_gap": 0.0013275966048240662,
  "params": {
    "hidden_dim": 128,
    "dropout": 0.2320126415172173,
    "lambda2": 3.0065236032165377,
    "gamma": 3.5280652017502026,
    "lambda_dist": 2.3674338532167916,
    "lr": 0.0076177630555848965,
    "weight_decay": 0.00012775074097711735
  }
}