{
  "val_mse": 0.24320973568063112,
  "mean_gap": 0.0038651004433631897,
  "params": {
    "hidden_dim": 128,
    "dropout": 0.32700309746168943,
    "lambda2": 1.0955510432480182,
    "gamma": 1.1499634895644568,
    "lambda_dist": 3.545170312808078,
    "lr": 0.008708338517458227,
    "weight_decay": 0.00029870490784875115
  }
}