{
  "val_mse": 0.1344726420018149,
  "mean_gap": 0.002276606857776642,
  "params": {
    "hidden_dim": 128,
    "dropout": 0.552682497813989,
    "lambda2": 0.5467007792757553,
    "gamma": 0.7003370374272248,
    "lambda_dist": 2.752889874480462,
    "lr": 0.008457883477045318,
    "weight_decay": 4.252897999306082e-06
  }
}