{
  "val_mse": 0.09994076272643863,
  "mean_gap": 0.0006260275840759277,
  "params": {
    "hidden_dim": 128,
    "dropout": 0.3785069383180534,
    "lambda2": 4.80019349744509,
    "gamma": 3.786893480017443,
    "lambda_dist": 1.5171215027983993,
    "lr": 0.004255273866098883,
    "weight_decay": 7.393208249843154e-05
  }
}