{
  "val_mse": 0.09760350196698266,
  "mean_gap": 0.05180390179157257,
  "params": {
    "hidden_dim": 128,
    "dropout": 0.29618195580486884,
    "lambda2": 4.133006527626776,
    "gamma": 1.787157053536826,
    "lambda_dist": 3.8110233719857796,
    "lr": 0.006701720946144847,
    "weight_decay": 1.0694930111238485e-06
  }
}