{
  "val_mse": 0.15347371075649208,
  "mean_gap": 0.0013938844203948975,
  "params": {
    "hidden_dim": 32,
    "dropout": 0.36999256718062834,
    "lambda2": 1.2372006759818808,
    "gamma": 3.6180112627128773,
    "lambda_dist": 4.792325596275599,
    "lr": 0.001790673784613996,
    "weight_decay": 7.016146042600127e-06
  }
}