{
  "val_mse": 0.09560476626247934,
  "mean_gap": 7.586274296045303e-05,
  "params": {
    "hidden_dim": 128,
    "dropout": 0.4906931230780592,
    "lambda2": 3.269475733302145,
    "gamma": 4.27705867831013,
    "lambda_dist": 0.576395680372947,
    "lr": 0.0023344210386345714,
    "weight_decay": 7.896159373208565e-06
  }
}