{
  "val_mse": 0.11550599538546771,
  "mean_gap": 0.017716944217681885,
  "params": {
    "hidden_dim": 128,
    "dropout": 0.20538670436421352,
    "lambda2": 4.498873123187644,
    "gamma": 4.456800284889321,
    "lambda_dist": 0.2367284880732291,
    "lr": 0.001666386192319759,
    "weight_decay": 3.610622242366012e-06
  }
}