{
  "val_mse": 0.12362928825480862,
  "mean_gap": 0.01877710223197937,
  "params": {
    "hidden_dim": 32,
    "dropout": 0.20760091591945803,
    "lambda2": 3.200976700736465,
    "gamma": 1.518916792360052,
    "lambda_dist": 0.5761557623830172,
    "lr": 0.0029184446977123892,
    "weight_decay": 0.00015200900572220774
  }
}