{
  "val_mse": 0.12956821516294917,
  "mean_gap": 1.3504177331924438e-05,
  "params": {
    "hidden_dim": 64,
    "dropout": 0.2982724310034798,
    "lambda2": 4.801378300275412,
    "gamma": 3.1341635185924925,
    "lambda_dist": 2.2174795346896166,
    "lr": 0.008330189500489018,
    "weight_decay": 3.248449494544259e-05
  }
}