{
  "val_mse": 0.09072111540529246,
  "mean_gap": 0.013599485158920288,
  "params": {
    "hidden_dim": 64,
    "dropout": 0.35872283894526164,
    "lambda2": 3.622308653978702,
    "gamma": 2.0058346680900323,
    "lambda_dist": 0.13108709993376572,
    "lr": 0.004162794418894063,
    "weight_decay": 0.0006213665336908934
  }
}