{
  "val_mse": 0.11096659281601885,
  "mean_gap": 0.0503849983215332,
  "params": {
    "hidden_dim": 128,
    "dropout": 0.3266428525147642,
    "lambda2": 1.555207158929584,
    "gamma": 4.3322806729158145,
    "lambda_dist": 1.5159559432771033,
    "lr": 0.002020171984012833,
    "weight_decay": 0.005900709117636525
  }
}