{
  "val_mse": 0.09803398226349232,
  "mean_gap": 0.029006287455558777,
  "params": {
    "hidden_dim": 128,
    "dropout": 0.2025761718331503,
    "lambda2": 1.1864325600482002,
    "gamma": 2.6095182442466256,
    "lambda_dist": 0.6924413529110731,
    "lr": 0.004302713676636451,
    "weight_decay": 0.0024762651868992353
  }
}