{
  "val_mse": 0.1189149667498597,
  "mean_gap": 2.642720937728882e-05,
  "params": {
    "hidden_dim": 64,
    "dropout": 0.42246188753338765,
    "lambda2": 4.05659653042123,
    "gamma": 3.0286970705585134,
    "lambda_dist": 2.35095606555451,
    "lr": 0.0025432528460474957,
    "weight_decay": 0.00012024148049764431
  }
}